-- ChurchThrive Development Seed Data
-- This file contains sample data for local development and testing

-- Clean existing data (in reverse dependency order)
TRUNCATE TABLE access_requests CASCADE;
TRUNCATE TABLE pastor_assignments CASCADE;
TRUNCATE TABLE attendances CASCADE;
TRUNCATE TABLE note_feedbacks CASCADE;
TRUNCATE TABLE sermon_notes CASCADE;
TRUNCATE TABLE sermons CASCADE;
TRUNCATE TABLE org_roles CASCADE;
TRUNCATE TABLE organizations CASCADE;
TRUNCATE TABLE family_members CASCADE;
TRUNCATE TABLE families CASCADE;
TRUNCATE TABLE cell_groups CASCADE;
TRUNCATE TABLE members CASCADE;
TRUNCATE TABLE announcements CASCADE;
TRUNCATE TABLE churches CASCADE;

-- ===== CHURCHES =====
INSERT INTO churches (id, name, denomination, address, phone, senior_pastor, founded_year, member_count, subscription_tier, subdomain, logo_url, settings) VALUES
('11111111-1111-1111-1111-111111111111', '사랑의교회', '대한예수교장로회(통합)', '서울특별시 강남구 테헤란로 512', '02-1234-5678', '김영복 목사', 1992, 250, 'standard', 'sarang', 'https://placehold.co/200x200/4f46e5/white?text=사랑', '{"theme": "purple", "locale": "ko"}'),
('22222222-2222-2222-2222-222222222222', '은혜중앙교회', '대한예수교장로회(합동)', '서울특별시 송파구 올림픽로 300', '02-8765-4321', '이은혜 목사', 2005, 850, 'premium', 'eunhae', 'https://placehold.co/200x200/10b981/white?text=은혜', '{"theme": "green", "locale": "ko", "enable_stt": true}');

-- ===== CELL GROUPS =====
INSERT INTO cell_groups (id, church_id, name, leader_id, description, meeting_day, meeting_time, meeting_place) VALUES
('c1111111-1111-1111-1111-111111111111', '11111111-1111-1111-1111-111111111111', '샬롬구역', NULL, '청년 구역', '화요일', '19:30', '교회 소그룹실 A'),
('c2222222-2222-2222-2222-222222222222', '11111111-1111-1111-1111-111111111111', '비전구역', NULL, '장년 구역', '목요일', '19:00', '교회 소그룹실 B'),
('c3333333-3333-3333-3333-333333333333', '22222222-2222-2222-2222-222222222222', '믿음구역', NULL, '청장년 구역', '수요일', '20:00', '교회 201호'),
('c4444444-4444-4444-4444-444444444444', '22222222-2222-2222-2222-222222222222', '사랑구역', NULL, '가정 구역', '금요일', '19:30', '교회 301호');

-- ===== MEMBERS (사랑의교회) =====
INSERT INTO members (id, church_id, user_id, name, phone, email, birth_date, gender, position, role, status, cell_group_id, joined_at) VALUES
-- Admin
('m1111111-1111-1111-1111-111111111111', '11111111-1111-1111-1111-111111111111', NULL, '김관리', '010-1111-1111', 'admin@sarang.kr', '1975-03-15', 'male', 'elder', 'admin', 'active', NULL, '2015-01-01'),
-- Pastors
('m1111111-1111-1111-1111-111111111112', '11111111-1111-1111-1111-111111111111', NULL, '박목사', '010-1111-2222', 'pastor@sarang.kr', '1978-07-20', 'male', 'ordained_deacon', 'pastor', 'active', NULL, '2016-03-01'),
('m1111111-1111-1111-1111-111111111113', '11111111-1111-1111-1111-111111111111', NULL, '이목사', '010-1111-3333', 'pastor2@sarang.kr', '1982-11-05', 'female', 'ordained_deacon', 'pastor', 'active', NULL, '2018-01-15'),
-- Staff
('m1111111-1111-1111-1111-111111111114', '11111111-1111-1111-1111-111111111111', NULL, '최교육', '010-1111-4444', 'edu@sarang.kr', '1985-05-12', 'female', 'deacon', 'staff', 'active', NULL, '2019-06-01'),
-- Leaders
('m1111111-1111-1111-1111-111111111115', '11111111-1111-1111-1111-111111111111', NULL, '강리더', '010-1111-5555', 'leader1@sarang.kr', '1988-09-23', 'male', 'deacon', 'leader', 'active', 'c1111111-1111-1111-1111-111111111111', '2020-01-01'),
('m1111111-1111-1111-1111-111111111116', '11111111-1111-1111-1111-111111111111', NULL, '정리더', '010-1111-6666', 'leader2@sarang.kr', '1986-02-14', 'female', 'deacon', 'leader', 'active', 'c2222222-2222-2222-2222-222222222222', '2020-03-01'),
-- Regular members
('m1111111-1111-1111-1111-111111111117', '11111111-1111-1111-1111-111111111111', NULL, '김성도', '010-1111-7777', 'member1@sarang.kr', '1992-04-10', 'male', 'saint', 'member', 'active', 'c1111111-1111-1111-1111-111111111111', '2021-05-15'),
('m1111111-1111-1111-1111-111111111118', '11111111-1111-1111-1111-111111111111', NULL, '이성도', '010-1111-8888', 'member2@sarang.kr', '1990-08-22', 'female', 'saint', 'member', 'active', 'c1111111-1111-1111-1111-111111111111', '2021-06-20'),
('m1111111-1111-1111-1111-111111111119', '11111111-1111-1111-1111-111111111111', NULL, '박성도', '010-1111-9999', 'member3@sarang.kr', '1995-12-03', 'male', 'saint', 'member', 'active', 'c2222222-2222-2222-2222-222222222222', '2022-01-10'),
('m1111111-1111-1111-1111-11111111111a', '11111111-1111-1111-1111-111111111111', NULL, '최성도', '010-1111-0000', 'member4@sarang.kr', '1993-06-18', 'female', 'saint', 'member', 'active', 'c2222222-2222-2222-2222-222222222222', '2022-03-25');

-- ===== MEMBERS (은혜중앙교회) =====
INSERT INTO members (id, church_id, user_id, name, phone, email, birth_date, gender, position, role, status, cell_group_id, joined_at) VALUES
-- Admin
('m2222222-2222-2222-2222-222222222221', '22222222-2222-2222-2222-222222222222', NULL, '송관리', '010-2222-1111', 'admin@eunhae.kr', '1972-08-25', 'male', 'elder', 'admin', 'active', NULL, '2005-01-01'),
-- Pastors
('m2222222-2222-2222-2222-222222222222', '22222222-2222-2222-2222-222222222222', NULL, '홍목사', '010-2222-2222', 'pastor@eunhae.kr', '1976-04-12', 'male', 'ordained_deacon', 'pastor', 'active', NULL, '2008-03-01'),
('m2222222-2222-2222-2222-222222222223', '22222222-2222-2222-2222-222222222222', NULL, '윤목사', '010-2222-3333', 'pastor2@eunhae.kr', '1980-10-08', 'female', 'ordained_deacon', 'pastor', 'active', NULL, '2010-06-15'),
('m2222222-2222-2222-2222-222222222224', '22222222-2222-2222-2222-222222222222', NULL, '장목사', '010-2222-4444', 'pastor3@eunhae.kr', '1983-01-30', 'male', 'ordained_deacon', 'pastor', 'active', NULL, '2012-09-01'),
-- Staff
('m2222222-2222-2222-2222-222222222225', '22222222-2222-2222-2222-222222222222', NULL, '권전도사', '010-2222-5555', 'evangelist@eunhae.kr', '1987-03-17', 'female', 'deacon', 'staff', 'active', NULL, '2015-01-15'),
('m2222222-2222-2222-2222-222222222226', '22222222-2222-2222-2222-222222222222', NULL, '임간사', '010-2222-6666', 'staff@eunhae.kr', '1989-11-22', 'male', 'deacon', 'staff', 'active', NULL, '2017-08-01'),
-- Leaders
('m2222222-2222-2222-2222-222222222227', '22222222-2222-2222-2222-222222222222', NULL, '한리더', '010-2222-7777', 'leader1@eunhae.kr', '1984-06-05', 'male', 'deacon', 'leader', 'active', 'c3333333-3333-3333-3333-333333333333', '2018-01-01'),
('m2222222-2222-2222-2222-222222222228', '22222222-2222-2222-2222-222222222222', NULL, '오리더', '010-2222-8888', 'leader2@eunhae.kr', '1986-09-14', 'female', 'deacon', 'leader', 'active', 'c4444444-4444-4444-4444-444444444444', '2018-03-01'),
-- Regular members (10 members)
('m2222222-2222-2222-2222-222222222229', '22222222-2222-2222-2222-222222222222', NULL, '김집사', '010-2222-9991', 'deacon1@eunhae.kr', '1988-02-20', 'male', 'deacon', 'member', 'active', 'c3333333-3333-3333-3333-333333333333', '2019-01-10'),
('m2222222-2222-2222-2222-22222222222a', '22222222-2222-2222-2222-222222222222', NULL, '이집사', '010-2222-9992', 'deacon2@eunhae.kr', '1991-05-15', 'female', 'deacon', 'member', 'active', 'c3333333-3333-3333-3333-333333333333', '2019-03-20'),
('m2222222-2222-2222-2222-22222222222b', '22222222-2222-2222-2222-222222222222', NULL, '박집사', '010-2222-9993', 'deacon3@eunhae.kr', '1990-08-08', 'male', 'deacon', 'member', 'active', 'c3333333-3333-3333-3333-333333333333', '2019-06-15'),
('m2222222-2222-2222-2222-22222222222c', '22222222-2222-2222-2222-222222222222', NULL, '최집사', '010-2222-9994', 'deacon4@eunhae.kr', '1992-11-30', 'female', 'deacon', 'member', 'active', 'c4444444-4444-4444-4444-444444444444', '2020-01-08'),
('m2222222-2222-2222-2222-22222222222d', '22222222-2222-2222-2222-222222222222', NULL, '강성도', '010-2222-9995', 'member1@eunhae.kr', '1994-03-12', 'male', 'saint', 'member', 'active', 'c4444444-4444-4444-4444-444444444444', '2020-05-22'),
('m2222222-2222-2222-2222-22222222222e', '22222222-2222-2222-2222-222222222222', NULL, '정성도', '010-2222-9996', 'member2@eunhae.kr', '1996-07-25', 'female', 'saint', 'member', 'active', 'c4444444-4444-4444-4444-444444444444', '2020-08-10'),
('m2222222-2222-2222-2222-22222222222f', '22222222-2222-2222-2222-222222222222', NULL, '유성도', '010-2222-9997', 'member3@eunhae.kr', '1995-09-18', 'male', 'saint', 'member', 'active', 'c3333333-3333-3333-3333-333333333333', '2021-02-14'),
('m2222222-2222-2222-2222-222222222230', '22222222-2222-2222-2222-222222222222', NULL, '조성도', '010-2222-9998', 'member4@eunhae.kr', '1997-12-05', 'female', 'saint', 'member', 'active', 'c3333333-3333-3333-3333-333333333333', '2021-05-20'),
('m2222222-2222-2222-2222-222222222231', '22222222-2222-2222-2222-222222222222', NULL, '신청년', '010-2222-9999', 'young1@eunhae.kr', '1999-04-22', 'male', 'saint', 'member', 'active', 'c3333333-3333-3333-3333-333333333333', '2022-01-15'),
('m2222222-2222-2222-2222-222222222232', '22222222-2222-2222-2222-222222222222', NULL, '허청년', '010-2222-0000', 'young2@eunhae.kr', '2000-06-10', 'female', 'saint', 'member', 'active', 'c4444444-4444-4444-4444-444444444444', '2022-03-01');

-- Update cell group leaders
UPDATE cell_groups SET leader_id = 'm1111111-1111-1111-1111-111111111115' WHERE id = 'c1111111-1111-1111-1111-111111111111';
UPDATE cell_groups SET leader_id = 'm1111111-1111-1111-1111-111111111116' WHERE id = 'c2222222-2222-2222-2222-222222222222';
UPDATE cell_groups SET leader_id = 'm2222222-2222-2222-2222-222222222227' WHERE id = 'c3333333-3333-3333-3333-333333333333';
UPDATE cell_groups SET leader_id = 'm2222222-2222-2222-2222-222222222228' WHERE id = 'c4444444-4444-4444-4444-444444444444';

-- ===== FAMILIES =====
INSERT INTO families (id, church_id, family_name) VALUES
('f1111111-1111-1111-1111-111111111111', '11111111-1111-1111-1111-111111111111', '김성도 가정'),
('f1111111-1111-1111-1111-111111111112', '11111111-1111-1111-1111-111111111111', '박성도 가정'),
('f2222222-2222-2222-2222-222222222221', '22222222-2222-2222-2222-222222222222', '김집사 가정'),
('f2222222-2222-2222-2222-222222222222', '22222222-2222-2222-2222-222222222222', '박집사 가정');

INSERT INTO family_members (family_id, member_id, relationship) VALUES
('f1111111-1111-1111-1111-111111111111', 'm1111111-1111-1111-1111-111111111117', 'head'),
('f1111111-1111-1111-1111-111111111111', 'm1111111-1111-1111-1111-111111111118', 'spouse'),
('f1111111-1111-1111-1111-111111111112', 'm1111111-1111-1111-1111-111111111119', 'head'),
('f1111111-1111-1111-1111-111111111112', 'm1111111-1111-1111-1111-11111111111a', 'spouse'),
('f2222222-2222-2222-2222-222222222221', 'm2222222-2222-2222-2222-222222222229', 'head'),
('f2222222-2222-2222-2222-222222222221', 'm2222222-2222-2222-2222-22222222222a', 'spouse'),
('f2222222-2222-2222-2222-222222222222', 'm2222222-2222-2222-2222-22222222222b', 'head'),
('f2222222-2222-2222-2222-222222222222', 'm2222222-2222-2222-2222-22222222222c', 'spouse');

-- ===== SERMONS =====
INSERT INTO sermons (id, church_id, preacher_id, title, bible_verses, sermon_date, service_type, audio_url, transcript, stt_status, tags) VALUES
('s1111111-1111-1111-1111-111111111111', '11111111-1111-1111-1111-111111111111', 'm1111111-1111-1111-1111-111111111112', '하나님의 사랑', ARRAY['요한복음 3:16', '로마서 5:8'], '2024-01-07', 'sunday_morning', 'https://example.com/sermon1.mp3', '하나님이 세상을 이처럼 사랑하사...', 'completed', ARRAY['사랑', '구원', '신앙']),
('s1111111-1111-1111-1111-111111111112', '11111111-1111-1111-1111-111111111111', 'm1111111-1111-1111-1111-111111111113', '믿음의 능력', ARRAY['히브리서 11:1', '마태복음 17:20'], '2024-01-14', 'sunday_morning', 'https://example.com/sermon2.mp3', '믿음은 바라는 것들의 실상이요...', 'completed', ARRAY['믿음', '능력', '기적']),
('s1111111-1111-1111-1111-111111111113', '11111111-1111-1111-1111-111111111111', 'm1111111-1111-1111-1111-111111111112', '기도의 응답', ARRAY['마태복음 7:7-8', '야고보서 5:16'], '2024-01-21', 'sunday_morning', 'https://example.com/sermon3.mp3', '구하라 그리하면 너희에게 주실 것이요...', 'completed', ARRAY['기도', '응답', '간구']),
('s2222222-2222-2222-2222-222222222221', '22222222-2222-2222-2222-222222222222', 'm2222222-2222-2222-2222-222222222222', '은혜로 구원받음', ARRAY['에베소서 2:8-9'], '2024-01-07', 'sunday_morning', 'https://example.com/sermon4.mp3', '너희는 그 은혜에 의하여 믿음으로 말미암아 구원을 받았으니...', 'completed', ARRAY['은혜', '구원', '믿음']),
('s2222222-2222-2222-2222-222222222222', '22222222-2222-2222-2222-222222222222', 'm2222222-2222-2222-2222-222222222223', '사랑의 계명', ARRAY['요한복음 13:34-35', '마태복음 22:37-39'], '2024-01-14', 'sunday_morning', 'https://example.com/sermon5.mp3', '새 계명을 너희에게 주노니...', 'completed', ARRAY['사랑', '계명', '형제']);

-- ===== SERMON NOTES =====
INSERT INTO sermon_notes (id, church_id, member_id, sermon_id, title, content, is_shared) VALUES
('n1111111-1111-1111-1111-111111111111', '11111111-1111-1111-1111-111111111111', 'm1111111-1111-1111-1111-111111111117', 's1111111-1111-1111-1111-111111111111', '하나님의 사랑 노트', '{"blocks": [{"type": "paragraph", "data": {"text": "하나님의 사랑은 무조건적이다. 요한복음 3:16을 통해 알 수 있다."}}]}', true),
('n1111111-1111-1111-1111-111111111112', '11111111-1111-1111-1111-111111111111', 'm1111111-1111-1111-1111-111111111118', 's1111111-1111-1111-1111-111111111111', '사랑의 실천', '{"blocks": [{"type": "paragraph", "data": {"text": "하나님의 사랑을 받은 자로서 이웃을 사랑해야 한다."}}]}', false),
('n1111111-1111-1111-1111-111111111113', '11111111-1111-1111-1111-111111111111', 'm1111111-1111-1111-1111-111111111117', 's1111111-1111-1111-1111-111111111112', '믿음으로 산을 옮기다', '{"blocks": [{"type": "paragraph", "data": {"text": "겨자씨만한 믿음으로도 산을 옮길 수 있다는 말씀이 도전이 되었다."}}]}', true),
('n2222222-2222-2222-2222-222222222221', '22222222-2222-2222-2222-222222222222', 'm2222222-2222-2222-2222-222222222229', 's2222222-2222-2222-2222-222222222221', '은혜의 복음', '{"blocks": [{"type": "paragraph", "data": {"text": "구원은 오직 은혜로, 믿음으로만 받는다. 행위가 아니다."}}]}', true),
('n2222222-2222-2222-2222-222222222222', '22222222-2222-2222-2222-222222222222', 'm2222222-2222-2222-2222-22222222222a', 's2222222-2222-2222-2222-222222222221', '감사의 고백', '{"blocks": [{"type": "paragraph", "data": {"text": "은혜로 구원받았다는 사실에 감사하며 살아야겠다."}}]}', false);

-- ===== NOTE FEEDBACKS =====
INSERT INTO note_feedbacks (sermon_note_id, pastor_id, content) VALUES
('n1111111-1111-1111-1111-111111111111', 'm1111111-1111-1111-1111-111111111112', '하나님의 사랑을 잘 정리하셨네요. 이 사랑을 실천하는 것이 우리의 과제입니다.'),
('n1111111-1111-1111-1111-111111111113', 'm1111111-1111-1111-1111-111111111113', '믿음에 대한 깊은 묵상이 느껴집니다. 계속 성장하시길 기도합니다.'),
('n2222222-2222-2222-2222-222222222221', 'm2222222-2222-2222-2222-222222222222', '은혜의 복음을 명확히 이해하셨네요. 이 복음을 전하는 삶이 되길 바랍니다.');

-- ===== ORGANIZATIONS =====
INSERT INTO organizations (id, church_id, parent_id, name, type, description, sort_order) VALUES
-- 사랑의교회 조직
('o1111111-1111-1111-1111-111111111111', '11111111-1111-1111-1111-111111111111', NULL, '당회', 'committee', '교회 주요 의사결정 기구', 1),
('o1111111-1111-1111-1111-111111111112', '11111111-1111-1111-1111-111111111111', NULL, '교육부', 'department', '교육 담당 부서', 2),
('o1111111-1111-1111-1111-111111111113', '11111111-1111-1111-1111-111111111111', 'o1111111-1111-1111-1111-111111111112', '유치부', 'group', '유치부 교육', 1),
('o1111111-1111-1111-1111-111111111114', '11111111-1111-1111-1111-111111111111', 'o1111111-1111-1111-1111-111111111112', '초등부', 'group', '초등부 교육', 2),
('o1111111-1111-1111-1111-111111111115', '11111111-1111-1111-1111-111111111111', NULL, '찬양팀', 'team', '주일 찬양 인도', 3),
-- 은혜중앙교회 조직
('o2222222-2222-2222-2222-222222222221', '22222222-2222-2222-2222-222222222222', NULL, '당회', 'committee', '교회 주요 의사결정 기구', 1),
('o2222222-2222-2222-2222-222222222222', '22222222-2222-2222-2222-222222222222', NULL, '예배국', 'department', '예배 및 찬양 담당', 2),
('o2222222-2222-2222-2222-222222222223', '22222222-2222-2222-2222-222222222222', NULL, '교육국', 'department', '교육 전반 담당', 3),
('o2222222-2222-2222-2222-222222222224', '22222222-2222-2222-2222-222222222222', 'o2222222-2222-2222-2222-222222222223', '청년부', 'group', '대학청년부', 1),
('o2222222-2222-2222-2222-222222222225', '22222222-2222-2222-2222-222222222222', NULL, '선교위원회', 'committee', '선교 사역 총괄', 4);

-- ===== ORG ROLES =====
INSERT INTO org_roles (organization_id, member_id, role, permissions) VALUES
('o1111111-1111-1111-1111-111111111111', 'm1111111-1111-1111-1111-111111111111', 'head', ARRAY['manage', 'view', 'approve']),
('o1111111-1111-1111-1111-111111111111', 'm1111111-1111-1111-1111-111111111112', 'member', ARRAY['view']),
('o1111111-1111-1111-1111-111111111112', 'm1111111-1111-1111-1111-111111111114', 'head', ARRAY['manage', 'view', 'approve']),
('o1111111-1111-1111-1111-111111111115', 'm1111111-1111-1111-1111-111111111115', 'head', ARRAY['manage', 'view']),
('o2222222-2222-2222-2222-222222222221', 'm2222222-2222-2222-2222-222222222221', 'head', ARRAY['manage', 'view', 'approve']),
('o2222222-2222-2222-2222-222222222221', 'm2222222-2222-2222-2222-222222222222', 'member', ARRAY['view']),
('o2222222-2222-2222-2222-222222222222', 'm2222222-2222-2222-2222-222222222225', 'head', ARRAY['manage', 'view']),
('o2222222-2222-2222-2222-222222222223', 'm2222222-2222-2222-2222-222222222226', 'head', ARRAY['manage', 'view', 'approve']);

-- ===== ANNOUNCEMENTS =====
INSERT INTO announcements (id, church_id, author_id, title, content, target_groups, is_pinned, is_published, published_at) VALUES
('a1111111-1111-1111-1111-111111111111', '11111111-1111-1111-1111-111111111111', 'm1111111-1111-1111-1111-111111111111', '2024년 새해 인사', '새해 복 많이 받으세요. 올 한 해도 주님의 은혜가 가득하시길 기원합니다.', ARRAY['all'], true, true, NOW() - INTERVAL '30 days'),
('a1111111-1111-1111-1111-111111111112', '11111111-1111-1111-1111-111111111111', 'm1111111-1111-1111-1111-111111111114', '겨울수련회 안내', '2월 9-11일 겨울수련회가 개최됩니다. 많은 참여 바랍니다.', ARRAY['youth'], false, true, NOW() - INTERVAL '10 days'),
('a1111111-1111-1111-1111-111111111113', '11111111-1111-1111-1111-111111111111', 'm1111111-1111-1111-1111-111111111112', '수요기도회 시간 변경', '수요기도회 시간이 저녁 7시에서 7시30분으로 변경됩니다.', ARRAY['all'], false, true, NOW() - INTERVAL '5 days'),
('a2222222-2222-2222-2222-222222222221', '22222222-2222-2222-2222-222222222222', 'm2222222-2222-2222-2222-222222222221', '2024 비전선포', '올해 교회 비전: 하나님 나라를 세워가는 교회', ARRAY['all'], true, true, NOW() - INTERVAL '25 days'),
('a2222222-2222-2222-2222-222222222222', '22222222-2222-2222-2222-222222222222', 'm2222222-2222-2222-2222-222222222222', '부활절 특별새벽기도회', '부활절을 맞아 특별새벽기도회를 진행합니다.', ARRAY['all'], false, true, NOW() - INTERVAL '3 days');

-- ===== ATTENDANCES =====
INSERT INTO attendances (church_id, member_id, event_type, event_date, check_method) VALUES
-- 사랑의교회 출석
('11111111-1111-1111-1111-111111111111', 'm1111111-1111-1111-1111-111111111117', 'worship', '2024-01-07', 'qr'),
('11111111-1111-1111-1111-111111111111', 'm1111111-1111-1111-1111-111111111118', 'worship', '2024-01-07', 'qr'),
('11111111-1111-1111-1111-111111111111', 'm1111111-1111-1111-1111-111111111119', 'worship', '2024-01-07', 'qr'),
('11111111-1111-1111-1111-111111111111', 'm1111111-1111-1111-1111-11111111111a', 'worship', '2024-01-07', 'manual'),
('11111111-1111-1111-1111-111111111111', 'm1111111-1111-1111-1111-111111111117', 'worship', '2024-01-14', 'qr'),
('11111111-1111-1111-1111-111111111111', 'm1111111-1111-1111-1111-111111111118', 'worship', '2024-01-14', 'qr'),
('11111111-1111-1111-1111-111111111111', 'm1111111-1111-1111-1111-111111111119', 'worship', '2024-01-14', 'qr'),
('11111111-1111-1111-1111-111111111111', 'm1111111-1111-1111-1111-111111111117', 'cell_group', '2024-01-16', 'manual'),
('11111111-1111-1111-1111-111111111111', 'm1111111-1111-1111-1111-111111111118', 'cell_group', '2024-01-16', 'manual'),
-- 은혜중앙교회 출석
('22222222-2222-2222-2222-222222222222', 'm2222222-2222-2222-2222-222222222229', 'worship', '2024-01-07', 'qr'),
('22222222-2222-2222-2222-222222222222', 'm2222222-2222-2222-2222-22222222222a', 'worship', '2024-01-07', 'qr'),
('22222222-2222-2222-2222-222222222222', 'm2222222-2222-2222-2222-22222222222b', 'worship', '2024-01-07', 'qr'),
('22222222-2222-2222-2222-222222222222', 'm2222222-2222-2222-2222-22222222222c', 'worship', '2024-01-07', 'qr'),
('22222222-2222-2222-2222-222222222222', 'm2222222-2222-2222-2222-22222222222d', 'worship', '2024-01-07', 'qr'),
('22222222-2222-2222-2222-222222222222', 'm2222222-2222-2222-2222-222222222229', 'worship', '2024-01-14', 'qr'),
('22222222-2222-2222-2222-222222222222', 'm2222222-2222-2222-2222-22222222222a', 'worship', '2024-01-14', 'qr'),
('22222222-2222-2222-2222-222222222222', 'm2222222-2222-2222-2222-22222222222b', 'worship', '2024-01-14', 'qr'),
('22222222-2222-2222-2222-222222222222', 'm2222222-2222-2222-2222-222222222229', 'cell_group', '2024-01-17', 'manual'),
('22222222-2222-2222-2222-222222222222', 'm2222222-2222-2222-2222-22222222222a', 'cell_group', '2024-01-17', 'manual');

-- ===== PASTOR ASSIGNMENTS =====
INSERT INTO pastor_assignments (church_id, pastor_id, member_id, status, accepted_at) VALUES
('11111111-1111-1111-1111-111111111111', 'm1111111-1111-1111-1111-111111111112', 'm1111111-1111-1111-1111-111111111117', 'active', NOW() - INTERVAL '60 days'),
('11111111-1111-1111-1111-111111111111', 'm1111111-1111-1111-1111-111111111112', 'm1111111-1111-1111-1111-111111111118', 'active', NOW() - INTERVAL '60 days'),
('11111111-1111-1111-1111-111111111111', 'm1111111-1111-1111-1111-111111111113', 'm1111111-1111-1111-1111-111111111119', 'active', NOW() - INTERVAL '45 days'),
('11111111-1111-1111-1111-111111111111', 'm1111111-1111-1111-1111-111111111113', 'm1111111-1111-1111-1111-11111111111a', 'active', NOW() - INTERVAL '45 days'),
('22222222-2222-2222-2222-222222222222', 'm2222222-2222-2222-2222-222222222222', 'm2222222-2222-2222-2222-222222222229', 'active', NOW() - INTERVAL '90 days'),
('22222222-2222-2222-2222-222222222222', 'm2222222-2222-2222-2222-222222222222', 'm2222222-2222-2222-2222-22222222222a', 'active', NOW() - INTERVAL '90 days'),
('22222222-2222-2222-2222-222222222222', 'm2222222-2222-2222-2222-222222222223', 'm2222222-2222-2222-2222-22222222222b', 'active', NOW() - INTERVAL '80 days'),
('22222222-2222-2222-2222-222222222222', 'm2222222-2222-2222-2222-222222222223', 'm2222222-2222-2222-2222-22222222222c', 'active', NOW() - INTERVAL '80 days');

-- ===== ACCESS REQUESTS =====
INSERT INTO access_requests (church_id, user_id, status, requested_at) VALUES
('11111111-1111-1111-1111-111111111111', 'u0000000-0000-0000-0000-000000000001', 'pending', NOW() - INTERVAL '2 days'),
('11111111-1111-1111-1111-111111111111', 'u0000000-0000-0000-0000-000000000002', 'pending', NOW() - INTERVAL '1 day'),
('22222222-2222-2222-2222-222222222222', 'u0000000-0000-0000-0000-000000000003', 'pending', NOW() - INTERVAL '3 hours');

-- Verify data counts
SELECT 'churches' as table_name, COUNT(*) as count FROM churches
UNION ALL
SELECT 'members', COUNT(*) FROM members
UNION ALL
SELECT 'cell_groups', COUNT(*) FROM cell_groups
UNION ALL
SELECT 'families', COUNT(*) FROM families
UNION ALL
SELECT 'sermons', COUNT(*) FROM sermons
UNION ALL
SELECT 'sermon_notes', COUNT(*) FROM sermon_notes
UNION ALL
SELECT 'organizations', COUNT(*) FROM organizations
UNION ALL
SELECT 'announcements', COUNT(*) FROM announcements
UNION ALL
SELECT 'attendances', COUNT(*) FROM attendances
UNION ALL
SELECT 'pastor_assignments', COUNT(*) FROM pastor_assignments;
